filename,size
IMG_20210526_174525.jpg,5309140
IMG_20210526_174658.jpg,5713409
IMG_20210526_174659.jpg,5754384
IMG_20210526_174701.jpg,5836502
IMG_20210526_174703.jpg,5713479
IMG_20210526_194404.jpg,5177655
IMG_20210526_194410.jpg,5011420
IMG_20210526_194412.jpg,4937501
IMG_20210526_194413.jpg,5029973
IMG_20210526_194442.jpg,5067952
IMG_20210526_194446.jpg,5049372
IMG_20210526_194451.jpg,5252755
IMG_20210527_082512.jpg,3094352
IMG_20210527_082734.jpg,3096535
IMG_20210527_105621.jpg,4512027
IMG_20210527_140803.jpg,2923927
IMG_20210527_140805.jpg,3023766
IMG_20210527_143856.jpg,6187279
IMG_20210527_143905.jpg,6668352
IMG_20210527_143907.jpg,6452513
IMG_20210527_143910.jpg,6690158
IMG_20210527_143913.jpg,6473108
IMG_20210527_143935.jpg,6803680
IMG_20210527_143938.jpg,6758398
IMG_20210527_143940.jpg,6145089
IMG_20210527_144207.jpg,7816944
IMG_20210527_144210.jpg,7502843
IMG_20210527_144213.jpg,7570570
IMG_20210527_144220.jpg,7189003
IMG_20210527_144231.jpg,7570521
IMG_20210527_144232.jpg,7548318
IMG_20210527_144310.jpg,5031495
IMG_20210527_144312.jpg,5031441
IMG_20210527_144355.jpg,5087436
IMG_20210527_144359.jpg,5068997
IMG_20210527_144412.jpg,5124394
IMG_20210527_144417.jpg,5143051
IMG_20210527_144426.jpg,5142749
IMG_20210527_144429.jpg,5160978
IMG_20210527_144533.jpg,4551591
IMG_20210527_144536.jpg,4570060
IMG_20210527_144539.jpg,4772770
IMG_20210527_144541.jpg,4754256
IMG_20210527_144542.jpg,4754264
IMG_20210527_151139.jpg,5930503
IMG_20210527_163240.jpg,5421754
IMG_20210527_163312.jpg,4571479
IMG_20210527_191220.jpg,3811117
IMG_20210527_191413.jpg,312880
IMG_20210527_191414.jpg,319218
IMG_20210527_191414_1.jpg,313054
IMG_20210527_191418.jpg,331395
IMG_20210527_191420.jpg,337663
IMG_20210527_191420_1.jpg,337681
IMG_20210528_083014.jpg,3632797
IMG_20210528_083055.jpg,4305726
IMG_20210528_085924.jpg,4839537
IMG_20210529_054832.jpg,2895871
IMG_20210529_064703.jpg,4752709
IMG_20210529_154030.jpg,4535656
IMG_20210529_154115.jpg,4826988
IMG_20210529_154401.jpg,2741062
IMG_20210529_154408.jpg,2885342
IMG_20210529_154443.jpg,3156427
IMG_20210529_154452.jpg,2797873
IMG_20210529_154912.jpg,3277509
IMG_20210529_155021.jpg,4696038
IMG_20210529_160133.jpg,5363545
IMG_20210529_160144.jpg,5812674
IMG_20210529_160313.jpg,5463534
IMG_20210529_160605.jpg,4016666
IMG_20210529_160833.jpg,4926711
IMG_20210529_160851.jpg,4815659
IMG_20210529_160854.jpg,5221325
IMG_20210529_182657.jpg,3488879
IMG_20210530_074651.jpg,4171082
IMG_20210530_220051.jpg,5028740
IMG_20210531_103554.jpg,5266775
IMG_20210602_154558.jpg,4697959
IMG_20210602_154600.jpg,4697990
IMG_20210602_190419.jpg,4864767
IMG_20210602_190424.jpg,2565499
IMG_20210603_055709.jpg,4566447
IMG_20210603_060823.jpg,2606465
IMG_20210604_103958.jpg,306603
IMG_20210605_110425.jpg,4882672
IMG_20210605_234249.jpg,4657329
IMG_20210606_004357.jpg,4919075
IMG_20210606_124130.jpg,4739632
IMG_20210606_192217.jpg,6403575
IMG_20210606_205433.jpg,4174632
IMG_20210606_205436.jpg,4174494
IMG_20210607_090309.jpg,5321907
IMG_20210607_090313.jpg,4825188
IMG_20210607_090315.jpg,4990706
IMG_20210609_135402.jpg,4865548
IMG_20210610_075017.jpg,4330231
IMG_20210612_084654.jpg,5195755
IMG_20210613_084809.jpg,2836262
IMG_20210613_084822.jpg,2821697
IMG_20210613_084928.jpg,2599899
IMG_20210616_210153.jpg,4863296
IMG_20210619_123917.jpg,4917774
IMG_20210620_074817.jpg,5869793
IMG_20210620_074826.jpg,5747154
IMG_20210623_122547.jpg,5375798
IMG_20210623_122607.jpg,559597
IMG_20210625_091252.jpg,4040125
IMG_20210625_091307.jpg,4224776
IMG_20210627_144152.jpg,3800007
IMG_20210627_144205.jpg,3783555
IMG_20210627_160955.jpg,4582181
IMG_20210627_161728.jpg,4803326
IMG_20210627_161844.jpg,4692411
IMG_20210627_163145.jpg,4360736
IMG_20210627_163723.jpg,4451677
IMG_20210627_164726.jpg,1262830
IMG_20210627_164806.jpg,1184817
IMG_20210627_164850.jpg,1262305
IMG_20210628_222437.jpg,5327931
IMG_20210629_074630.jpg,4566138
IMG_20210629_074715.jpg,4304784
IMG_20210629_074727.jpg,4657361
IMG_20210629_074729.jpg,4417165
IMG_20210629_080301.jpg,4582835
IMG_20210629_080302.jpg,4527347
IMG_20210629_080303.jpg,4564302
IMG_20210629_080312.jpg,4452901
IMG_20210629_082009.jpg,4040835
IMG_20210629_082018.jpg,4914117
IMG_20210629_082946.jpg,4546211
IMG_20210629_083834.jpg,4380006
IMG_20210629_092038.jpg,4696794
IMG_20210629_092707.jpg,4158659
IMG_20210629_092722.jpg,4791576
IMG_20210629_125848.jpg,4587417
IMG_20210629_131403.jpg,3945644
IMG_20210629_164129.jpg,4191779
IMG_20210629_164201.jpg,4584400
IMG_20210629_164203.jpg,4621544
IMG_20210630_094737.jpg,3731729
IMG_20210630_094741.jpg,3781347
IMG_20210630_095012.jpg,4192200
IMG_20210701_130021.jpg,5479721
IMG_20210701_130023.jpg,5246060
IMG_20210702_082755.jpg,5063990
IMG_20210702_113101.jpg,4363169
IMG_20210702_113153.jpg,4306676
IMG_20210704_112855.jpg,4549351
IMG_20210707_183904.jpg,4714998
IMG_20210708_073246.jpg,3713187
IMG_20210709_093203.jpg,4144287
IMG_20210709_093218.jpg,4079746
IMG_20210709_093232.jpg,4136810
IMG_20210710_145049.jpg,4939656
IMG_20210712_101045.jpg,3958955
IMG_20210712_101059.jpg,3909409
IMG_20210712_101116.jpg,3735927
IMG_20210714_082258.jpg,4322673
IMG_20210714_202940.jpg,4457040
IMG_20210714_202956.jpg,4825318
IMG_20210714_203001.jpg,4824532
IMG_20210718_045900.jpg,4898994
IMG_20210719_155138.jpg,1707988
IMG_20210722_162126.jpg,4969708
IMG_20210722_162211.jpg,3615866
IMG_20210722_233352.jpg,4086704
IMG_20210725_015125.jpg,5254724
IMG_20210725_122509.jpg,4696476
IMG_20210725_191603.jpg,1923877
IMG_20210726_082401.jpg,4314932
IMG_20210726_151338.jpg,5122556
IMG_20210726_151352.jpg,4661065
IMG_20210726_151359.jpg,5084411
IMG_20210728_120414.jpg,3829432
IMG_20210728_172554.jpg,4948746
IMG_20210729_085738.jpg,4178917
IMG_20210729_085945.jpg,4212917
IMG_20210729_085946.jpg,4239462
IMG_20210729_085948.jpg,4212605
IMG_20210729_090135.jpg,4307132
IMG_20210729_090159.jpg,4152431
IMG_20210730_132249.jpg,3978660
IMG_20210730_132253.jpg,4159360
IMG_20210730_132256.jpg,4253660
IMG_20210730_132259.jpg,4253813
IMG_20210730_132305.jpg,4076716
IMG_20210730_132308.jpg,4309146
IMG_20210730_132314.jpg,3602012
IMG_20210731_140315.jpg,4362877
IMG_20210804_183437.jpg,4530613
IMG_20210808_042500.jpg,5141613
IMG_20210810_090024.jpg,4603253
IMG_20210810_090050.jpg,4547662
IMG_20210810_090156.jpg,4749971
IMG_20210810_090234.jpg,4938086
IMG_20210810_090325.jpg,4187493
IMG_20210810_090419.jpg,4492758
IMG_20210810_090437.jpg,4695610
IMG_20210811_124610.jpg,4603750
IMG_20210818_115033.jpg,4750231
IMG_20210818_133440.jpg,4434986
IMG_20210818_133545.jpg,4509801
IMG_20210818_133558.jpg,4639419
IMG_20210818_135524.jpg,4770335
IMG_20210818_161552.jpg,4603290
IMG_20210819_175111.jpg,4546653
IMG_20210819_175114.jpg,4823749
IMG_20210820_121612.jpg,4865345
IMG_20210820_121614.jpg,4957871
IMG_20210823_100835.jpg,5580919
IMG_20210830_103022.jpg,4417780
IMG_20210830_103029.jpg,3893405
IMG_20210830_103032.jpg,3860602
IMG_20210830_103047.jpg,4490956
IMG_20210830_103048.jpg,4472968
IMG_20210830_105758.jpg,4415650
IMG_20210830_105800.jpg,4527012
IMG_20210830_205243.jpg,4174087
IMG_20210830_205253.jpg,4657281
IMG_20210831_091910.jpg,4828327
IMG_20210904_075045.jpg,3606446
IMG_20210904_075047.jpg,3573948
IMG_20210904_075052.jpg,3623817
IMG_20210904_075056.jpg,3706068
IMG_20210904_075059.jpg,3721773
IMG_20210904_174253.jpg,4546107
IMG_20210905_140923.jpg,4491528
IMG_20210913_104043.jpg,4471916
IMG_20210913_104258.jpg,4472582
IMG_20210913_104300.jpg,4436250
IMG_20210913_104303.jpg,4380312
IMG_20210913_104311.jpg,4582370
IMG_20210913_134155.jpg,4378184
IMG_20210915_062825.jpg,3729572
IMG_20210915_063443.jpg,4732758
IMG_20210915_064907.jpg,2895323
IMG_20210916_091554.jpg,4601388
IMG_20210918_204629.jpg,5604806
IMG_20210918_204706.jpg,4991897
IMG_20210920_094338.jpg,2370630
IMG_20210928_183734.jpg,4917501
IMG_20210929_050939.jpg,4658236
IMG_20210929_051020.jpg,5807193
IMG_20210929_051344.jpg,5246634
IMG_20210929_051346.jpg,5336745
IMG_20210930_075137.jpg,3912968
IMG_20210930_075504.jpg,4364662
IMG_20210930_075506.jpg,4308736
IMG_20210930_094019.jpg,3944418
IMG_20210930_094029.jpg,4546491
IMG_20210930_094029_1.jpg,4583470
IMG_20210930_094030.jpg,4564980
IMG_20210930_094031.jpg,4546569
IMG_20210930_180717_1.jpg,5030370
IMG_20210930_180800.jpg,4974375
IMG_20211001_144700.jpg,4831538
IMG_20211001_145235.jpg,4498543
IMG_20211001_145249.jpg,5258316
IMG_20211001_145256.jpg,5074014
IMG_20211002_142051.jpg,5212773
IMG_20211002_151822.jpg,7202228
IMG_20211002_164559.jpg,4475138
IMG_20211002_164602.jpg,4732847
IMG_20211002_164608.jpg,4435839
IMG_20211002_164609.jpg,4602874
IMG_20211002_164743.jpg,4453334
IMG_20211002_164800.jpg,5272258
IMG_20211002_164806.jpg,5014252
IMG_20211002_164808.jpg,5032705
IMG_20211003_100032.jpg,4828323
IMG_20211003_100038.jpg,4808988
IMG_20211004_093344.jpg,3638315
IMG_20211004_093500.jpg,4032610
IMG_20211004_093504.jpg,4163882
IMG_20211006_173125.jpg,4455301
IMG_20211007_121751.jpg,2664946
IMG_20211009_083620.jpg,6755650
IMG_20211009_085238.jpg,7751616
IMG_20211012_072716.jpg,4403543
IMG_20211012_072723.jpg,4217761
IMG_20211012_072823.jpg,4622164
IMG_20211012_072826.jpg,4511221
IMG_20211013_065511.jpg,4470695
IMG_20211015_084956.jpg,5933509
IMG_20211016_101533.jpg,5122519
IMG_20211016_101933.jpg,5424295
IMG_20211016_102648.jpg,7138293
IMG_20211016_102650.jpg,7115898
IMG_20211016_103212.jpg,6083911
IMG_20211016_103259.jpg,6515655
IMG_20211016_103301.jpg,5715532
IMG_20211016_103308.jpg,6227170
IMG_20211016_103320.jpg,6848357
IMG_20211016_103331.jpg,7255206
IMG_20211016_105846.jpg,5669684
IMG_20211016_112416.jpg,8304741
IMG_20211016_112419.jpg,8304692
IMG_20211016_112435.jpg,7229884
IMG_20211016_112453.jpg,6328211
IMG_20211016_112454.jpg,6369018
IMG_20211016_112456.jpg,6266824
IMG_20211016_112457.jpg,6368996
IMG_20211016_112458.jpg,6348655
IMG_20211016_112500.jpg,6246245
IMG_20211016_112612.jpg,7478141
IMG_20211016_112615.jpg,6534267
IMG_20211016_112616.jpg,6493421
IMG_20211016_112618.jpg,6554917
IMG_20211016_112626.jpg,6369546
IMG_20211016_112627.jpg,6308051
IMG_20211016_112628.jpg,6266965
IMG_20211016_112628_1.jpg,6082645
IMG_20211016_112639.jpg,6308053
IMG_20211016_112646.jpg,6082871
IMG_20211016_113601.jpg,6124933
IMG_20211016_113603.jpg,6248328
IMG_20211016_113633.jpg,5776896
IMG_20211016_114004.jpg,3898502
IMG_20211016_114006.jpg,3947814
IMG_20211016_114015.jpg,4954514
IMG_20211016_114029.jpg,4973985
IMG_20211016_114457.jpg,3668698
IMG_20211016_114513.jpg,3391298
IMG_20211016_114526.jpg,3783601
IMG_20211016_114532.jpg,3783386
IMG_20211016_124052.jpg,5974453
IMG_20211017_110843.jpg,4552746
IMG_20211017_135652.jpg,4402600
IMG_20211017_135655.jpg,4437854
IMG_20211017_135659.jpg,4549493
IMG_20211017_135705.jpg,4495049
IMG_20211017_135707.jpg,4661371
IMG_20211017_135710.jpg,4568884
IMG_20211017_135713.jpg,4568695
IMG_20211017_135714.jpg,4365917
IMG_20211018_063916.jpg,4973939
IMG_20211018_063917.jpg,5047499
IMG_20211018_074919.jpg,4807176
IMG_20211018_074921.jpg,4696430
IMG_20211018_074936.jpg,5709918
IMG_20211018_074947.jpg,5048031
IMG_20211018_121508.jpg,3200501
IMG_20211020_091635.jpg,4419005
IMG_20211023_085615.jpg,6490559
IMG_20211023_085618.jpg,6346901
IMG_20211024_061742.jpg,4512002
IMG_20211024_061744.jpg,4456355
IMG_20211024_061746.jpg,4400719
IMG_20211024_061803.jpg,4324724
IMG_20211024_061856.jpg,4586105
IMG_20211024_061859.jpg,4474057
IMG_20211024_061906.jpg,4474850
IMG_20211024_061926.jpg,4437013
IMG_20211026_073833.jpg,4641018
IMG_20211026_073834.jpg,4752562
IMG_20211026_073841.jpg,4604526
IMG_20211026_073850.jpg,4604854
IMG_20211026_073929.jpg,4548573
IMG_20211026_073937.jpg,4586536
IMG_20211026_150442.jpg,5890962
IMG_20211026_150445.jpg,5891083
IMG_20211029_112305.jpg,4661701
IMG_20211029_112307.jpg,4717121
IMG_20211029_112310.jpg,4735254
IMG_20211030_060859.jpg,4749194
IMG_20211030_060917.jpg,4991109
IMG_20211101_182104.jpg,4769356
IMG_20211101_182112.jpg,4641898
IMG_20211105_075828.jpg,4991714
IMG_20211105_075834.jpg,4712046
IMG_20211105_075841.jpg,4656393
IMG_20211106_114623.jpg,5274632
IMG_20211106_122744.jpg,5047233
IMG_20211106_122748.jpg,5048137
IMG_20211108_110702.jpg,4044313
IMG_20211108_110707.jpg,4622956
IMG_20211108_110718.jpg,4439176
IMG_20211108_110719.jpg,4383878
IMG_20211110_163217.jpg,4698674
IMG_20211113_152718.jpg,2904196
IMG_20211113_152754.jpg,2961535
IMG_20211113_153124.jpg,2884401
IMG_20211113_153127.jpg,2812358
IMG_20211113_153131.jpg,2265607
IMG_20211113_153135.jpg,2229069
IMG_20211113_153137.jpg,2204022
IMG_20211113_153138.jpg,2253728
IMG_20211113_184808.jpg,5124956
IMG_20211113_184813.jpg,5217437
IMG_20211113_184818.jpg,5774215
IMG_20211113_185150.jpg,7066772
IMG_20211113_185153.jpg,4900453
IMG_20211113_185155.jpg,7293001
IMG_20211113_185324.jpg,4992820
IMG_20211113_185327.jpg,6263673
IMG_20211113_185339.jpg,5956005
IMG_20211113_185342.jpg,5629316
IMG_20211113_185345.jpg,6264237
IMG_20211113_185722.jpg,4307023
IMG_20211114_062602.jpg,4674489
IMG_20211114_062607.jpg,4804247
IMG_20211114_062610.jpg,4675166
IMG_20211114_062613.jpg,4526678
IMG_20211114_062919.jpg,4661067
IMG_20211114_063009.jpg,3571602
IMG_20211114_064236.jpg,4403021
IMG_20211114_064255.jpg,3224241
IMG_20211114_064305.jpg,3274353
IMG_20211114_064432.jpg,4550110
IMG_20211114_064506.jpg,4624206
IMG_20211114_065719.jpg,4793307
IMG_20211114_065723.jpg,5142152
IMG_20211114_065727.jpg,5068777
IMG_20211114_072939.jpg,5087512
IMG_20211114_072942.jpg,5272545
IMG_20211114_074213.jpg,4277156
IMG_20211114_083941.jpg,3866360
IMG_20211114_085455.jpg,5425527
IMG_20211114_085456.jpg,5291311
IMG_20211114_090102.jpg,6163155
IMG_20211114_090105.jpg,6079387
IMG_20211114_090106.jpg,6141113
IMG_20211114_090131.jpg,5308283
IMG_20211114_090142.jpg,5506179
IMG_20211114_090144.jpg,5487100
IMG_20211114_090148.jpg,5404822
IMG_20211114_090150.jpg,5486480
IMG_20211114_090252.jpg,5833292
IMG_20211114_090259.jpg,5486001
IMG_20211114_090302.jpg,5730782
IMG_20211114_090302_1.jpg,5751623
IMG_20211114_090548.jpg,5423574
IMG_20211114_090550.jpg,5546354
IMG_20211114_090619.jpg,5895808
IMG_20211114_092024.jpg,5860962
IMG_20211114_092025.jpg,5860898
IMG_20211114_092030.jpg,5984112
IMG_20211114_092031.jpg,5984106
IMG_20211114_092033.jpg,5983956
IMG_20211114_092038.jpg,6004567
IMG_20211114_092045.jpg,6025216
IMG_20211114_092047.jpg,6025371
IMG_20211114_092628.jpg,4455662
IMG_20211114_092650.jpg,4109179
IMG_20211114_092807.jpg,4030539
IMG_20211114_092811.jpg,3980513
IMG_20211114_093049.jpg,3797815
IMG_20211114_094241.jpg,4236156
IMG_20211114_094251.jpg,3832164
IMG_20211114_094256.jpg,4935712
IMG_20211114_094258.jpg,4437932
IMG_20211114_094303.jpg,3619180
IMG_20211114_094311.jpg,4385092
IMG_20211114_094315.jpg,4218564
IMG_20211114_094854.jpg,5008832
IMG_20211114_094857.jpg,5083068
IMG_20211114_104612.jpg,3665635
IMG_20211114_104614.jpg,3846083
IMG_20211114_104622.jpg,4307713
IMG_20211114_104635.jpg,3979319
IMG_20211115_112410.jpg,3996380
IMG_20211115_112412.jpg,3931225
IMG_20211116_082055.jpg,5522984
IMG_20211116_082057.jpg,5137753
IMG_20211116_082124.jpg,5063502
IMG_20211116_082129.jpg,5156122
IMG_20211116_082155.jpg,5402019
IMG_20211116_082158.jpg,5360938
IMG_20211116_082200.jpg,5361032
IMG_20211117_083624.jpg,1014801
IMG_20211117_100105.jpg,4098143
IMG_20211117_100109.jpg,4536637
IMG_20211117_100111.jpg,4573671
IMG_20211117_100112.jpg,4406261
IMG_20211123_045826.jpg,4826583
IMG_20211123_051026.jpg,4768844
IMG_20211123_051109.jpg,4751016
IMG_20211124_011235.jpg,4567125
IMG_20211124_213248.jpg,4400808
IMG_20211125_140917.jpg,4621455
IMG_20211125_140923.jpg,5064012
IMG_20211127_123656.jpg,5511538
IMG_20211129_054003.jpg,4510146
IMG_20211129_074130.jpg,1570883
IMG_20211129_174005.jpg,3826954
IMG_20211129_174017.jpg,4171277
IMG_20211129_174023.jpg,4249773
IMG_20211203_101225.jpg,3710733
IMG_20211203_101241.jpg,3597299
IMG_20211203_101510.jpg,3661918
IMG_20211203_101626.jpg,3679147
IMG_20211203_190442.jpg,4399578
IMG_20211204_111113.jpg,4381447
IMG_20211204_111215.jpg,4436870
IMG_20211204_111218.jpg,3944717
IMG_20211204_111254.jpg,3927235
IMG_20211204_111313.jpg,4140882
IMG_20211204_111415.jpg,3303439
IMG_20211204_141628.jpg,3832872
IMG_20211204_141659.jpg,4254864
IMG_20211205_032438.jpg,4602971
IMG_20211205_032855.jpg,3093922
IMG_20211205_032858.jpg,2835299
IMG_20211205_034851.jpg,3223015
IMG_20211205_173155.jpg,4418159
IMG_20211206_141938.jpg,4900211
IMG_20211206_160513.jpg,4566468
IMG_20211206_180206.jpg,4416185
IMG_20211206_180219.jpg,4452503
IMG_20211206_180225.jpg,4469706
IMG_20211206_180250.jpg,4205468
IMG_20211206_180305.jpg,4619248
IMG_20211207_104828.jpg,5664183
IMG_20211207_104833.jpg,5477396
IMG_20211207_104839.jpg,7173344
IMG_20211207_110221.jpg,4456394
IMG_20211208_130904.jpg,4548443
IMG_20211209_061919.jpg,4377181
IMG_20211209_061926.jpg,4322897
IMG_20211209_080208.jpg,3631389
IMG_20211209_091506.jpg,4381623
IMG_20211209_091524.jpg,3945265
IMG_20211209_091526.jpg,4400069
IMG_20211209_091531.jpg,3846534
IMG_20211209_091534.jpg,3978234
IMG_20211209_091536.jpg,3978328
IMG_20211210_062649.jpg,5309856
IMG_20211210_180152.jpg,4475199
IMG_20211213_070552.jpg,3419274
IMG_20211213_074020.jpg,3417902
IMG_20211213_145305.jpg,4213179
IMG_20211213_145307.jpg,4416051
IMG_20211216_055837.jpg,4108317
IMG_20211216_101102.jpg,4417730
IMG_20211216_101105.jpg,4417994
IMG_20211216_101117.jpg,4091964
IMG_20211217_193340.jpg,4418623
IMG_20211217_193348.jpg,4548140
IMG_20211219_083602.jpg,4109593
IMG_20211219_083603.jpg,4142477
IMG_20211219_083606.jpg,4109664
IMG_20211219_083610.jpg,4253346
IMG_20211219_091717.jpg,5483094
IMG_20211219_095048.jpg,2905744
IMG_20211220_100114.jpg,2261309
IMG_20211220_100118.jpg,2740385
IMG_20211220_100121.jpg,2596465
IMG_20211220_100217.jpg,2214718
IMG_20211222_210533.jpg,4015721
IMG_20211223_073611.jpg,5119581
IMG_20211223_073617.jpg,5063063
IMG_20211223_073633.jpg,5523686
IMG_20211223_073724.jpg,6383365
IMG_20211223_073726.jpg,5400407
IMG_20211223_160712.jpg,4605217
IMG_20211223_164512.jpg,4362030
IMG_20211224_135735.jpg,3354010
IMG_20211224_135737.jpg,3370575
IMG_20211224_135740.jpg,3354048
IMG_20211225_083252.jpg,3664158
IMG_20211225_083303.jpg,3811731
IMG_20211225_105627.jpg,3423259
IMG_20211225_105630.jpg,3068172
IMG_20211225_110105.jpg,5175645
IMG_20211225_110107.jpg,4770929
IMG_20211225_110957.jpg,4456702
IMG_20211225_111008.jpg,4344432
IMG_20211225_111030.jpg,4585082
IMG_20211225_111346.jpg,4548754
IMG_20211225_111358.jpg,4622508
IMG_20211225_114718.jpg,4832871
IMG_20211225_122156.jpg,5157246
IMG_20211225_122158.jpg,5231264
IMG_20211225_122216.jpg,4735887
IMG_20211225_122218.jpg,4514759
IMG_20211225_122512.jpg,5607693
IMG_20211225_122723.jpg,771736
IMG_20211225_122726.jpg,830048
IMG_20211225_122736.jpg,729003
IMG_20211225_131111.jpg,4627082
IMG_20211225_131117.jpg,4221405
IMG_20211225_131118.jpg,4196769
IMG_20211226_071935.jpg,2227299
IMG_20211227_085311.jpg,4442406
IMG_20211227_085340.jpg,2594648
IMG_20211227_113620.jpg,3978466
IMG_20211227_113631.jpg,3978345
IMG_20211227_113634.jpg,4512354
IMG_20211227_113635.jpg,4549373
IMG_20211227_113636.jpg,4382262
IMG_20211227_113637.jpg,4568497
IMG_20211227_113638.jpg,4512808
IMG_20211227_113640.jpg,4144757
IMG_20211227_113641.jpg,4661018
IMG_20211227_113642.jpg,4045659
IMG_20211227_113643.jpg,3979614
IMG_20211227_201158.jpg,4882077
IMG_20211227_201202.jpg,4845107
IMG_20211227_201203.jpg,4734090
IMG_20211227_201207.jpg,4826336
IMG_20211227_201208.jpg,4863515
IMG_20211227_201210.jpg,4715559
IMG_20211228_161345.jpg,4362112
IMG_20211228_161419.jpg,4509151
IMG_20211229_092213.jpg,3411438
IMG_20211229_092216.jpg,3575340
IMG_20211229_092224.jpg,3739279
IMG_20211229_092225.jpg,3706920
IMG_20211229_092228.jpg,3953354
IMG_20211229_092259.jpg,4370016
IMG_20211229_092303.jpg,4388471
IMG_20211229_092305.jpg,4406890
IMG_20211229_092306.jpg,4230811
IMG_20211229_092949.jpg,7346269
IMG_20211229_093000.jpg,6554706
IMG_20211229_095432.jpg,6644864
IMG_20211229_095434.jpg,7230165
IMG_20211229_095436.jpg,5199642
IMG_20211229_095438.jpg,6575127
IMG_20211229_100206.jpg,4385111
IMG_20211229_100225.jpg,4722961
IMG_20211229_100228.jpg,4538502
IMG_20211229_100237.jpg,4464407
IMG_20211229_100239.jpg,4832774
IMG_20211229_100242.jpg,4464015
IMG_20211229_100243.jpg,4795842
IMG_20211229_100245.jpg,4500747
IMG_20211229_100246.jpg,4482168
IMG_20211229_100248.jpg,4408120
IMG_20211229_100249.jpg,4463573
IMG_20211229_100251.jpg,4666138
IMG_20211229_101312.jpg,6433539
IMG_20211229_102129.jpg,6645131
IMG_20211229_102149.jpg,7006320
IMG_20211229_102156.jpg,6513656
IMG_20211229_102200.jpg,6644656
IMG_20211231_125153.jpg,4436229
IMG_20211231_130322.jpg,4527707
IMG_20211231_130446.jpg,4510827
IMG_20220101_114544.jpg,3765091
IMG_20220101_114555.jpg,3863814
IMG_20220101_114556.jpg,3896440
IMG_20220101_114601.jpg,3912868
IMG_20220102_222523.jpg,4382845
IMG_20220105_203410.jpg,4862659
IMG_20220107_153535.jpg,4642379
IMG_20220107_153928.jpg,4492277
IMG_20220107_153934.jpg,4529283
IMG_20220109_105722.jpg,4822223
IMG_20220109_105725.jpg,4841019
IMG_20220110_164344.jpg,4677284
IMG_20220110_165338.jpg,2877502
IMG_20220110_165416.jpg,4436481
IMG_20220110_203327.jpg,4399389
IMG_20220110_203333.jpg,4491955
IMG_20220110_203335.jpg,4473609
IMG_20220110_203337.jpg,4417473
IMG_20220110_203339.jpg,4436421
IMG_20220110_203354.jpg,4325835
IMG_20220111_081638.jpg,4140021
IMG_20220111_151313.jpg,3831593
IMG_20220111_151335.jpg,6118278
IMG_20220111_191944.jpg,4360804
IMG_20220111_191946.jpg,4286888
IMG_20220112_082907.jpg,2993620
IMG_20220114_112352.jpg,4476280
IMG_20220114_112359.jpg,4383190
IMG_20220114_112401.jpg,4438680
IMG_20220114_112402.jpg,4438404
IMG_20220114_112403.jpg,4531101
IMG_20220114_112404.jpg,4549746
IMG_20220114_112511.jpg,4549370
IMG_20220114_112514.jpg,4364008
IMG_20220114_120011.jpg,3995588
IMG_20220116_175434.jpg,4698996
IMG_20220118_091321.jpg,4212296
IMG_20220120_192457.jpg,4511211
IMG_20220123_204443.jpg,4249777
IMG_20220124_141542.jpg,4510021
IMG_20220124_141543.jpg,4398271
IMG_20220125_044401.jpg,3095576
IMG_20220126_184340.jpg,5286199
IMG_20220126_184343.jpg,5585443
IMG_20220126_184346.jpg,5286467
IMG_20220126_184352.jpg,4077855
IMG_20220127_103742.jpg,3714087
IMG_20220127_103744.jpg,3747154
IMG_20220127_105647.jpg,4418371
IMG_20220127_105650.jpg,4362095
IMG_20220127_150406.jpg,4845718
IMG_20220127_150427.jpg,4642814
IMG_20220128_064902.jpg,4532319
IMG_20220128_064909.jpg,4550891
IMG_20220128_090551.jpg,3253484
IMG_20220128_090600.jpg,3286141
IMG_20220128_090602.jpg,3286166
IMG_20220128_090604.jpg,3236901
IMG_20220128_182201.jpg,4342938
IMG_20220128_182203.jpg,4361427
IMG_20220128_182515.jpg,4510375
IMG_20220128_182545.jpg,4510224
IMG_20220128_182801.jpg,4454848
IMG_20220128_182804.jpg,4436002
IMG_20220128_182806.jpg,4380413
IMG_20220128_182809.jpg,4399088
IMG_20220128_182923.jpg,4399122
IMG_20220128_182927.jpg,4435846
IMG_20220128_182928.jpg,4436096
IMG_20220128_182930.jpg,4361857
IMG_20220128_182932.jpg,4491513
IMG_20220128_182934.jpg,4454634
IMG_20220129_084759.jpg,3978313
IMG_20220129_090958.jpg,6527367
IMG_20220129_091002.jpg,6219130
IMG_20220131_121017.jpg,3453437
IMG_20220131_121018.jpg,3436936
IMG_20220131_121026.jpg,3436906
IMG_20220131_123254.jpg,4273997
IMG_20220131_163122.jpg,4398441
IMG_20220131_163124.jpg,4435767
IMG_20220131_163125.jpg,4435615
IMG_20220131_163127.jpg,4453965
IMG_20220131_163128.jpg,4472697
IMG_20220131_163129.jpg,4417168
IMG_20220201_083659.jpg,3193353
IMG_20220201_172227.jpg,4565291
IMG_20220201_172243.jpg,4454448
IMG_20220204_103355.jpg,3587332
IMG_20220204_103404.jpg,3734410
IMG_20220204_132231.jpg,4675131
IMG_20220204_155327.jpg,4620915
IMG_20220204_155351.jpg,5893330
IMG_20220204_155354.jpg,6180116
IMG_20220204_163910.jpg,4565695
IMG_20220205_190320.jpg,4788143
IMG_20220205_200355.jpg,4360915
IMG_20220206_045124.jpg,3720884
SAVE_20210304_071002.jpg,2894574
VID_20210523_081406.mp4,31676863
VID_20210524_120358.mp4,46687951
VID_20210524_120518.mp4,64469759
VID_20210524_172012.mp4,41969023
VID_20210525_024514.mp4,41271225
VID_20210525_114108.mp4,69384847
VID_20210526_174438.mp4,53133487
VID_20210526_174745.mp4,31028116
VID_20210526_213648.mp4,8261284
VID_20210527_115537.mp4,122524687
VID_20210527_133912.mp4,48582129
VID_20210527_143623.mp4,70886863
VID_20210527_145021.mp4,71503289
VID_20210527_150257.mp4,74018895
VID_20210527_191353.mp4,7492238
VID_20210527_191407.mp4,7942655
VID_20210528_111612.mp4,55568319
VID_20210529_122934.mp4,51371391
VID_20210529_160806.mp4,19810175
VID_20210530_074436.mp4,33381295
VID_20210531_022030.mp4,15473775
VID_20210531_022047.mp4,99815951
VID_20210531_132832(0).mp4,17802830
VID_20210601_114822.mp4,72670143
VID_20210601_190614.mp4,55214095
VID_20210603_075508.mp4,78599967
VID_20210603_080239.mp4,60634671
VID_20210603_185726.mp4,37126207
VID_20210604_070129.mp4,26949551
VID_20210604_070345.mp4,67899127
VID_20210604_103944.mp4,62339807
VID_20210604_104019.mp4,5020447
VID_20210604_150830.mp4,1965066
VID_20210605_093224.mp4,40132703
VID_20210605_151753.mp4,67918175
VID_20210605_155422.mp4,17259727
VID_20210606_051905.mp4,15070479
VID_20210606_112121.mp4,44124260
VID_20210606_124716.mp4,5006927
VID_20210606_124727.mp4,26456191
VID_20210606_124754.mp4,45798735
VID_20210606_144446.mp4,69881263
VID_20210606_144519.mp4,51165495
VID_20210606_144556.mp4,53046719
VID_20210606_211052.mp4,60230335
VID_20210606_211120.mp4,37361935
VID_20210606_212954.mp4,39473887
VID_20210607_073823.mp4,53948815
VID_20210611_185905.mp4,48199726
VID_20210611_185933.mp4,103931055
VID_20210613_185646.mp4,77627612
VID_20210614_204550.mp4,57615807
VID_20210615_062227.mp4,59057247
VID_20210615_062255.mp4,45696947
VID_20210616_205114.mp4,97561167
VID_20210616_210834.mp4,60592863
VID_20210617_133907.mp4,44849631
VID_20210617_161051.mp4,55446063
VID_20210619_083509.mp4,57502335
VID_20210619_095506.mp4,50296399
VID_20210619_170718.mp4,28100015
VID_20210619_202050.mp4,47627055
VID_20210622_071525.mp4,84800863
VID_20210622_102125.mp4,42684815
VID_20210622_111825.mp4,47094064
VID_20210622_122939.mp4,100999615
VID_20210625_064939.mp4,76649135
VID_20210625_072438.mp4,68658047
VID_20210626_052352.mp4,36186559
VID_20210626_052428.mp4,48930223
VID_20210626_170939.mp4,7642559
VID_20210627_185956.mp4,92111839
VID_20210628_103656.mp4,55719311
VID_20210628_103723.mp4,61725708
VID_20210705_101138.mp4,36518799
VID_20210705_101234.mp4,24374527
VID_20210706_113051.mp4,71307631
VID_20210708_072949.mp4,32642575
VID_20210709_094011.mp4,42993327
VID_20210709_102455.mp4,56461186
VID_20210709_173507.mp4,29149967
VID_20210709_204811.mp4,131891669
VID_20210714_201819.mp4,13145487
VID_20210714_201845.mp4,8615243
VID_20210714_201856.mp4,3653002
VID_20210714_204132.mp4,18856314
VID_20210718_072957.mp4,30070383
VID_20210718_103528.mp4,63115647
VID_20210719_154940.mp4,71919007
VID_20210719_204611.mp4,25800847
VID_20210723_192627.mp4,18646575
VID_20210728_083931.mp4,64706687
VID_20210728_100929.mp4,20576751
VID_20210729_140430.mp4,40446394
VID_20210729_140613.mp4,13414694
VID_20210729_140623.mp4,79312251
VID_20210730_132319.mp4,27556667
VID_20210730_190055.mp4,48007151
VID_20210731_211015.mp4,31636178
VID_20210802_103538.mp4,44944447
VID_20210802_115703.mp4,57032255
VID_20210803_062232.mp4,71864585
VID_20210803_172817.mp4,60072572
VID_20210803_172848.mp4,75430687
VID_20210804_184020.mp4,62224735
VID_20210804_191024.mp4,78787791
VID_20210810_170152.mp4,31622394
VID_20210814_122313.mp4,100925775
VID_20210816_202444.mp4,65706287
VID_20210818_101413.mp4,44899055
VID_20210818_104819.mp4,50688522
VID_20210818_104844.mp4,8051919
VID_20210818_105157.mp4,33780133
VID_20210819_114608.mp4,8914495
VID_20210819_133811.mp4,55569487
VID_20210819_135227.mp4,52514976
VID_20210819_135254.mp4,24196735
VID_20210819_184654.mp4,29643583
VID_20210819_184743.mp4,41212551
VID_20210821_113041.mp4,28123407
VID_20210822_162732.mp4,37498687
VID_20210822_162830.mp4,23562223
VID_20210824_075617.mp4,31349151
VID_20210824_075640.mp4,45999327
VID_20210824_081512.mp4,16561487
VID_20210825_132649.mp4,64778623
VID_20210825_132759.mp4,52587984
VID_20210825_145045.mp4,25119535
VID_20210825_145130.mp4,45494015
VID_20210825_145228.mp4,47254987
VID_20210826_095036.mp4,62321247
VID_20210826_095129.mp4,52599455
VID_20210826_095337.mp4,51513848
VID_20210826_095556.mp4,17829836
VID_20210826_095607.mp4,79811807
VID_20210827_123347.mp4,27666095
VID_20210827_182007.mp4,49762223
VID_20210827_182103.mp4,14475743
VID_20210828_084318.mp4,7750911
VID_20210828_084327.mp4,27176959
VID_20210828_142201.mp4,93920127
VID_20210829_071212.mp4,46301199
VID_20210831_084812.mp4,6830879
VID_20210831_084825.mp4,82972623
VID_20210902_103659.mp4,54752324
VID_20210902_103808(0).mp4,67072096
VID_20210905_211353.mp4,18684447
VID_20210905_212039.mp4,14804751
VID_20210906_060250.mp4,9281376
VID_20210906_060345.mp4,24617007
VID_20210907_114420.mp4,34791087
VID_20210915_063447.mp4,50420655
VID_20210916_100738.mp4,42657823
VID_20210921_133439.mp4,36418223
VID_20210926_070442.mp4,43788511
VID_20210926_083535.mp4,38356927
VID_20210928_154553.mp4,60679783
VID_20210928_183854.mp4,829691887
VID_20210930_131450.mp4,48422527
VID_20211001_143029.mp4,56039055
VID_20211001_143824.mp4,56792815
VID_20211001_144201.mp4,27712064
VID_20211001_144702.mp4,122667391
VID_20211002_062904.mp4,36747727
VID_20211002_151859.mp4,32659455
VID_20211003_095706.mp4,83461583
VID_20211003_185050.mp4,44295942
VID_20211003_190515.mp4,47291823
VID_20211004_155737.mp4,62237743
VID_20211005_123640.mp4,129313999
VID_20211005_171335.mp4,41388735
VID_20211005_171356.mp4,52221193
VID_20211006_193831.mp4,42684831
VID_20211007_124955.mp4,66784527
VID_20211012_094734.mp4,19313183
VID_20211012_094746.mp4,42868527
VID_20211012_121341.mp4,72103261
VID_20211013_085501.mp4,25171023
VID_20211013_092209.mp4,6969903
VID_20211013_092222.mp4,13186527
VID_20211013_094217.mp4,43579407
VID_20211015_093507.mp4,37624031
VID_20211016_102502.mp4,116663567
VID_20211016_102557.mp4,46384943
VID_20211016_102619.mp4,57472415
VID_20211016_113517.mp4,50159999
VID_20211016_113544.mp4,15139558
VID_20211020_085705.mp4,30917279
VID_20211020_092603.mp4,28643935
VID_20211020_095125.mp4,47543408
VID_20211020_100943.mp4,18244159
VID_20211023_062355.mp4,35287391
VID_20211023_062415.mp4,44129935
VID_20211024_170715.mp4,82944671
VID_20211024_192825.mp4,82997775
VID_20211025_120631.mp4,34555615
VID_20211026_105013.mp4,22554655
VID_20211026_105415.mp4,79117423
VID_20211026_105500.mp4,42951247
VID_20211026_105727.mp4,20097583
VID_20211028_055038.mp4,47060548
VID_20211028_055107.mp4,33841711
VID_20211028_185603.mp4,20989981
VID_20211028_190244.mp4,24380716
VID_20211028_190258.mp4,73864335
VID_20211029_112319.mp4,63092111
VID_20211029_142533.mp4,50652959
VID_20211031_092328.mp4,138739841
VID_20211101_085142.mp4,84262047
VID_20211101_184908.mp4,85199583
VID_20211103_055345.mp4,64438895
VID_20211103_072038.mp4,26373670
VID_20211106_105937.mp4,30294175
VID_20211106_110134.mp4,33790063
VID_20211106_110324.mp4,22241855
VID_20211106_110348.mp4,39368863
VID_20211106_112441.mp4,19013248
VID_20211106_112501.mp4,28124341
VID_20211106_112634.mp4,28888943
VID_20211106_112815.mp4,25853332
VID_20211106_112951.mp4,15057567
VID_20211106_113246.mp4,37605711
VID_20211106_113335.mp4,40248943
VID_20211106_113415.mp4,44709055
VID_20211106_113521.mp4,23444607
VID_20211106_115140.mp4,44469359
VID_20211107_194541.mp4,103751887
VID_20211110_055744.mp4,31793951
VID_20211110_135712.mp4,40130191
VID_20211110_192655.mp4,80574063
VID_20211111_200804.mp4,101938991
VID_20211112_115937.mp4,55793647
VID_20211112_120827.mp4,20368689
VID_20211112_120838.mp4,88722740
VID_20211112_134513.mp4,21822574
VID_20211113_145729.mp4,38972847
VID_20211113_151619.mp4,23330815
VID_20211113_151634.mp4,14843775
VID_20211113_151911.mp4,17496831
VID_20211113_151937.mp4,10009103
VID_20211113_152805.mp4,44723503
VID_20211113_153101.mp4,34989887
VID_20211113_155831.mp4,24334399
VID_20211113_191413.mp4,47619281
VID_20211113_191623.mp4,35468063
VID_20211114_054508.mp4,76984975
VID_20211114_063850.mp4,23284511
VID_20211114_064214.mp4,36704063
VID_20211114_072648.mp4,13215615
VID_20211114_084814.mp4,22617125
VID_20211114_085208.mp4,35137759
VID_20211114_085234.mp4,18587599
VID_20211114_085249.mp4,4971071
VID_20211114_085417.mp4,20260479
VID_20211114_085953.mp4,119139519
VID_20211114_090348.mp4,47866114
VID_20211114_090413.mp4,43926543
VID_20211114_090434.mp4,40488399
VID_20211114_090458.mp4,35546159
VID_20211114_090552.mp4,41603727
VID_20211114_091127.mp4,24406543
VID_20211114_091218.mp4,41206607
VID_20211114_091343.mp4,32242127
VID_20211114_105053.mp4,66308879
VID_20211116_150754.mp4,87192064
VID_20211116_171641.mp4,27102501
VID_20211117_061717.mp4,97041039
VID_20211117_080531.mp4,23306223
VID_20211117_100115.mp4,29464415
VID_20211117_102410.mp4,14363103
VID_20211118_072731.mp4,54640591
VID_20211118_170723.mp4,14523429
VID_20211118_170735.mp4,99252703
VID_20211120_183208.mp4,60719375
VID_20211121_103310.mp4,27222649
VID_20211121_150318.mp4,18909103
VID_20211121_150408.mp4,15869951
VID_20211121_151705.mp4,61504607
VID_20211122_070102.mp4,58749743
VID_20211122_095427.mp4,54126197
VID_20211123_085948.mp4,50365519
VID_20211124_073007.mp4,72817671
VID_20211124_075250.mp4,35943712
VID_20211124_172124.mp4,15044639
VID_20211124_190355.mp4,141586095
VID_20211125_090002.mp4,50336383
VID_20211126_200011.mp4,169794319
VID_20211126_201146.mp4,96134559
VID_20211127_122527.mp4,52404879
VID_20211128_203549.mp4,56505769
VID_20211129_200421(0).mp4,284188675
VID_20211130_105109.mp4,34457423
VID_20211130_192316.mp4,54589903
VID_20211130_192511.mp4,37153295
VID_20211130_192639.mp4,45208287
VID_20211201_075428.mp4,114120743
VID_20211201_094136.mp4,69281519
VID_20211201_192251.mp4,41786287
VID_20211202_163420.mp4,71670303
VID_20211202_170038.mp4,51501200
VID_20211202_170125.mp4,161704287
VID_20211202_170305.mp4,75193519
VID_20211203_072206.mp4,71832735
VID_20211203_101607.mp4,25280543
VID_20211203_120910.mp4,40223567
VID_20211203_122027.mp4,41718767
VID_20211203_190218.mp4,53202783
VID_20211203_190718.mp4,31238901
VID_20211203_200747.mp4,65300895
VID_20211203_201010.mp4,64897634
VID_20211205_032443.mp4,40794719
VID_20211205_124221.mp4,15346000
VID_20211205_124243.mp4,52571619
VID_20211205_124307.mp4,8374515
VID_20211205_124322.mp4,19721013
VID_20211205_124408.mp4,16263039
VID_20211205_124423.mp4,17746036
VID_20211205_124503.mp4,15786911
VID_20211205_124909.mp4,4829115
VID_20211206_103232.mp4,70415711
VID_20211206_103328.mp4,69904591
VID_20211206_180951.mp4,109827663
VID_20211206_181041.mp4,69386735
VID_20211207_104904.mp4,69802079
VID_20211207_105015.mp4,60290703
VID_20211207_162218.mp4,45938863
VID_20211207_163009.mp4,35185791
VID_20211207_163046.mp4,49682111
VID_20211207_165715.mp4,57697263
VID_20211209_080028.mp4,13869887
VID_20211209_080244.mp4,43510452
VID_20211209_080307.mp4,41360143
VID_20211209_091611.mp4,14672233
VID_20211209_091629.mp4,43797791
VID_20211209_091721.mp4,31448966
VID_20211209_093129.mp4,27560814
VID_20211209_111816.mp4,36549641
VID_20211209_122154.mp4,14610703
VID_20211210_053622.mp4,52692692
VID_20211210_062722.mp4,30293935
VID_20211210_062743.mp4,14682687
VID_20211210_062841.mp4,27537039
VID_20211210_064726.mp4,7495871
VID_20211210_064733.mp4,51034815
VID_20211210_103338.mp4,45244200
VID_20211210_123116.mp4,213177654
VID_20211210_180229.mp4,32571968
VID_20211211_161027.mp4,38410063
VID_20211211_172907.mp4,14022927
VID_20211211_173126.mp4,8672783
VID_20211211_173258.mp4,6368465
VID_20211212_061831.mp4,68427135
VID_20211212_071639.mp4,16739999
VID_20211212_071653.mp4,44789839
VID_20211212_082512.mp4,57299775
VID_20211212_132551.mp4,52192671
VID_20211212_151355.mp4,64159915
VID_20211212_151720.mp4,98141535
VID_20211212_181758.mp4,40849887
VID_20211213_070510.mp4,53407151
VID_20211213_073728.mp4,30278783
VID_20211213_074025.mp4,108691151
VID_20211213_150046.mp4,34811871
VID_20211214_203802.mp4,57646625
VID_20211215_171849.mp4,33454847
VID_20211215_172026.mp4,28562607
VID_20211216_055634.mp4,31460095
VID_20211216_055840.mp4,99213295
VID_20211216_191218.mp4,147420671
VID_20211217_141453.mp4,43781401
VID_20211217_141520.mp4,31666159
VID_20211217_141614.mp4,50340655
VID_20211217_193320.mp4,18178419
VID_20211218_175603.mp4,7600433
VID_20211218_191916.mp4,156716143
VID_20211218_193232.mp4,116834191
VID_20211219_094610.mp4,102076735
VID_20211219_094738.mp4,79605568
VID_20211219_095057.mp4,6586591
VID_20211219_095109.mp4,58647199
VID_20211219_095523.mp4,12615555
VID_20211220_103637.mp4,66247395
VID_20211220_103708.mp4,26668096
VID_20211220_103938.mp4,47530639
VID_20211220_161450.mp4,19894479
VID_20211220_161502.mp4,77158543
VID_20211221_084127.mp4,15500031
VID_20211221_154429.mp4,69382175
VID_20211221_191641.mp4,116439507
VID_20211222_122730.mp4,7191663
VID_20211222_122738.mp4,72607631
VID_20211222_122835.mp4,16065312
VID_20211222_185701.mp4,107921891
VID_20211223_201705.mp4,173938493
VID_20211225_105121.mp4,37431103
VID_20211225_105145(0).mp4,38298456
VID_20211225_110111.mp4,9283441
VID_20211225_110605.mp4,18297215
VID_20211225_110633.mp4,9932975
VID_20211225_110835.mp4,27502927
VID_20211225_111046.mp4,12760943
VID_20211225_111418.mp4,46662223
VID_20211225_112844.mp4,18107887
VID_20211225_114107(0).mp4,73126518
VID_20211225_114325.mp4,27681727
VID_20211225_114506.mp4,51363599
VID_20211229_091408.mp4,25445903
VID_20211229_100208.mp4,20136527
VID_20211229_101131.mp4,46047855
VID_20211229_101705.mp4,16329359
VID_20211229_101849.mp4,17006927
VID_20211229_104010.mp4,22147567
VID_20211229_104125.mp4,32674223
VID_20211229_201003.mp4,55061535
VID_20211230_082216.mp4,65114703
VID_20211230_082249.mp4,42776927
VID_20211230_194806.mp4,19205527
VID_20211231_125157.mp4,171616351
VID_20211231_182321.mp4,45219603
VID_20211231_182426.mp4,33569199
VID_20211231_182728.mp4,44263783
VID_20220101_082914.mp4,28472831
VID_20220101_082956.mp4,10703455
VID_20220101_083130.mp4,25056199
VID_20220101_083421.mp4,23097887
VID_20220101_125501.mp4,46628591
VID_20220101_172106.mp4,59501359
VID_20220101_181428.mp4,18683131
VID_20220102_193833(0).mp4,77033052
VID_20220103_084819(0).mp4,90846299
VID_20220103_184245.mp4,15600655
VID_20220103_184708.mp4,108060202
VID_20220103_190816.mp4,147506058
VID_20220104_091818.mp4,64044973
VID_20220104_092235.mp4,48530475
VID_20220105_203258.mp4,67300207
VID_20220106_083155.mp4,56867023
VID_20220106_104747.mp4,71529087
VID_20220107_145646.mp4,10679329
VID_20220108_074637.mp4,19095422
VID_20220108_133245.mp4,87334399
VID_20220109_102547.mp4,82359199
VID_20220109_194954.mp4,92204159
VID_20220109_195057.mp4,10238979
VID_20220110_165623.mp4,51265679
VID_20220110_194021.mp4,11770047
VID_20220110_195228.mp4,67009903
VID_20220110_195713.mp4,112983423
VID_20220111_062834.mp4,27110095
VID_20220111_120846.mp4,86920239
VID_20220111_141943.mp4,34940527
VID_20220111_150543.mp4,19376303
VID_20220111_192011.mp4,28076063
VID_20220111_195934.mp4,55642543
VID_20220111_204658.mp4,60453525
VID_20220112_092822.mp4,43623551
VID_20220112_112419.mp4,79031176
VID_20220112_125909.mp4,73070591
VID_20220112_183440.mp4,68058799
VID_20220112_192951.mp4,85721113
VID_20220113_081032.mp4,68116303
VID_20220113_201957.mp4,76062863
VID_20220114_083309.mp4,73745583
VID_20220114_122213.mp4,30515103
VID_20220114_165903.mp4,96840863
VID_20220114_183535.mp4,38484047
VID_20220115_141526.mp4,36227103
VID_20220115_141608.mp4,59991279
VID_20220115_170945.mp4,48926447
VID_20220115_172518.mp4,88018847
VID_20220116_170835.mp4,88678767
VID_20220118_090912.mp4,49246639
VID_20220118_192440.mp4,85697230
VID_20220119_184432.mp4,134101157
VID_20220119_190250.mp4,137592063
VID_20220122_202806.mp4,98614234
VID_20220123_093054.mp4,81787279
VID_20220123_182923.mp4,39818591
VID_20220124_100335.mp4,67137467
VID_20220126_172443.mp4,55436167
VID_20220127_155919.mp4,100195903
VID_20220128_054410.mp4,75319439
VID_20220128_194154.mp4,88760143
VID_20220129_072915.mp4,30716511
VID_20220129_072949.mp4,8985325
VID_20220129_072957.mp4,17237007
VID_20220129_073008.mp4,16609983
VID_20220130_090302.mp4,59995087
VID_20220131_154251.mp4,79927567
VID_20220131_154355.mp4,82864720
VID_20220131_204325.mp4,162013103
VID_20220201_062152.mp4,74534511
VID_20220201_180412.mp4,78909455
VID_20220201_181713.mp4,140897823
VID_20220201_181921.mp4,43387262
VID_20220204_181452.mp4,80628751
VID_20220206_113203.mp4,83110671
